timestamp,class,confidence,x,y,w,h,action,height,temp,speed_x,speed_y,speed_z,flight_time,battery,flight_id,video_path,detection_id,detected,bbox_area,aspect_ratio,dx,dy,detected_s,x_s,y_s,w_s,h_s,bbox_area_s,aspect_ratio_s,height_s,speed_x_s,speed_y_s,speed_z_s,dx_s,dy_s,action_encoded
1758700197.3400068,0,0.859870195388794,486.0,298.0,111.0,134.0,move_forward,70.0,61.0,0.0,0.0,0.0,7,100.0,flight-001,/Users/vishwanibhagya/Development/Capturing Video/DJITelloPy/djitellopy/dataset/flight-001/session_2025-09-24_16-49-47.avi,flight-001_00000,1,14874.0,0.8283582027734463,0.0,0.0,0.08980265101338757,0.03731783754593471,-0.8599563459388787,-0.9742961928006807,-1.2649547497518938,-0.8643289847628247,0.04245425168186869,0.8308675641104957,-0.27854300726557785,0.0,0.0,0.028784805377079472,-0.0663602130613306,0
1758700199.8567932,0,0.800240159034729,473.0,300.0,118.0,141.0,move_forward,80.0,62.0,0.0,0.0,0.0,10,100.0,flight-001,/Users/vishwanibhagya/Development/Capturing Video/DJITelloPy/djitellopy/dataset/flight-001/session_2025-09-24_16-49-47.avi,flight-001_00001,1,16638.0,0.8368794266887984,-13.0,2.0,0.08980265101338757,-0.0846972248527452,-0.843955371952222,-0.9215451768548484,-1.2145087625118909,-0.8434245338442043,0.0656387459281692,1.6001893827313254,-0.27854300726557785,0.0,0.0,-0.10960368201272568,-0.0451724055704843,0
1758700202.467307,0,0.8222478032112122,478.0,324.0,127.0,152.0,move_forward,80.0,62.0,0.0,0.0,0.0,12,100.0,flight-001,/Users/vishwanibhagya/Development/Capturing Video/DJITelloPy/djitellopy/dataset/flight-001/session_2025-09-24_16-49-47.avi,flight-001_00002,1,19304.0,0.8355263102925901,5.0,24.0,0.08980265101338757,-0.03776835469940677,-0.6519436841123414,-0.8537224420673497,-1.135236496849029,-0.8118308455510967,0.06195719506011274,1.6001893827313254,-0.27854300726557785,0.0,0.0,0.08201114668085069,0.18789347682882493,0
1758700205.5814242,0,0.8323753476142883,476.0,331.0,123.0,157.0,move_forward,80.0,62.5,1.0,0.0,0.0,15,100.0,flight-001,/Users/vishwanibhagya/Development/Capturing Video/DJITelloPy/djitellopy/dataset/flight-001/session_2025-09-24_16-49-47.avi,flight-001_00003,1,19311.0,0.7834394854557994,-2.0,7.0,0.08980265101338757,-0.05653990276074214,-0.5959402751590429,-0.8838658797506824,-1.0992036488204553,-0.8117478913807847,-0.07976032142962132,1.6001893827313254,3.5901098714230035,0.0,0.0,0.007494268855570988,0.007797113156631433,0
1758700207.892028,0,0.7657082080841064,458.0,326.0,143.0,163.0,move_forward,80.0,63.0,1.0,0.0,0.0,18,100.0,flight-001,/Users/vishwanibhagya/Development/Capturing Video/DJITelloPy/djitellopy/dataset/flight-001/session_2025-09-24_16-49-47.avi,flight-001_00004,1,23309.0,0.8773006081147202,-18.0,-5.0,0.08980265101338757,-0.22548383531276045,-0.6359427101256847,-0.7331486913340188,-1.055964231186167,-0.7643692095368821,0.1756164507165105,1.6001893827313254,3.5901098714230035,0.0,0.0,-0.16283002331649687,-0.1193297317884463,0
1758700210.717312,0,0.8201891779899597,459.0,321.0,168.0,181.0,move_forward,80.0,64.0,0.0,0.0,0.0,20,100.0,flight-001,/Users/vishwanibhagya/Development/Capturing Video/DJITelloPy/djitellopy/dataset/flight-001/session_2025-09-24_16-49-47.avi,flight-001_00005,1,30408.0,0.9281767904520619,1.0,-5.0,0.08980265101338757,-0.21609806128209277,-0.6759451450923265,-0.5447522058131892,-0.926245978283302,-0.68024183024477,0.31404005845069227,1.6001893827313254,-0.27854300726557785,0.0,0.0,0.03943007363783371,-0.1193297317884463,0
1758700213.305254,0,0.876579761505127,465.0,318.0,165.0,189.0,move_forward,80.0,64.0,0.0,0.0,0.0,23,100.0,flight-001,/Users/vishwanibhagya/Development/Capturing Video/DJITelloPy/djitellopy/dataset/flight-001/session_2025-09-24_16-49-47.avi,flight-001_00006,1,31185.0,0.8730158683967415,6.0,-3.0,0.08980265101338757,-0.15978341709808666,-0.6999466060723115,-0.5673597840756888,-0.8685934214375842,-0.6710339173401396,0.1639585569297507,1.6001893827313254,-0.27854300726557785,0.0,0.0,0.09265641494160494,-0.09814192429760002,0
1758700216.01179,0,0.861499011516571,467.0,320.0,175.0,203.0,move_forward,80.0,64.5,0.0,0.0,0.0,26,100.0,flight-001,/Users/vishwanibhagya/Development/Capturing Video/DJITelloPy/djitellopy/dataset/flight-001/session_2025-09-24_16-49-47.avi,flight-001_00007,1,35525.0,0.8620689612705963,2.0,2.0,0.08980265101338757,-0.1410118690367513,-0.6839456320856548,-0.4920011898673569,-0.767701446957578,-0.6196023317467086,0.13417427854414848,1.6001893827313254,-0.27854300726557785,0.0,0.0,0.05007534189858796,-0.0451724055704843,0
1758700218.822023,0,0.8642127513885498,471.0,323.0,179.0,201.0,move_forward,70.0,65.0,1.0,0.0,0.0,28,100.0,flight-001,/Users/vishwanibhagya/Development/Capturing Video/DJITelloPy/djitellopy/dataset/flight-001/session_2025-09-24_16-49-47.avi,flight-001_00008,1,35979.0,0.8905472592510086,4.0,3.0,0.08980265101338757,-0.10346877291408056,-0.6599441711056697,-0.4618577521840242,-0.7821145861690075,-0.6142221612721884,0.2116578586296057,0.8308675641104957,3.5901098714230035,0.0,0.0,0.07136587842009645,-0.03457850182506115,0
1758700221.364807,0,0.8753975033760071,483.0,335.0,188.0,220.0,move_forward,70.0,66.0,0.0,0.0,0.0,31,100.0,flight-001,/Users/vishwanibhagya/Development/Capturing Video/DJITelloPy/djitellopy/dataset/flight-001/session_2025-09-24_16-49-47.avi,flight-001_00009,1,41360.0,0.8545454506611571,12.0,12.0,0.08980265101338757,0.009160515453931652,-0.5639383271857294,-0.3940350173965256,-0.6451897636604278,-0.5504541054937894,0.11370435659757606,0.8308675641104957,-0.27854300726557785,0.0,0.0,0.15652802450613038,0.06076663188374716,0
1758700223.8735769,0,0.8478087186813354,501.0,339.0,175.0,229.0,move_forward,70.0,66.0,0.0,0.0,0.0,34,100.0,flight-001,/Users/vishwanibhagya/Development/Capturing Video/DJITelloPy/djitellopy/dataset/flight-001/session_2025-09-24_16-49-47.avi,flight-001_00010,1,40075.0,0.7641921364009077,18.0,4.0,0.08980265101338757,0.17810444800594996,-0.531936379212416,-0.4920011898673569,-0.5803306372089952,-0.5656821210439181,-0.1321283917740367,0.8308675641104957,-0.27854300726557785,0.0,0.0,0.22039963407065585,-0.023984598079638004,0
1758700226.777003,0,0.8433915972709656,512.0,369.0,185.0,242.0,move_forward,80.0,66.5,1.0,0.0,0.0,36,100.0,flight-001,/Users/vishwanibhagya/Development/Capturing Video/DJITelloPy/djitellopy/dataset/flight-001/session_2025-09-24_16-49-47.avi,flight-001_00011,1,44770.0,0.7644628067584182,11.0,30.0,0.08980265101338757,0.2813479623432945,-0.2919217694125652,-0.4166425956590251,-0.4866452323347039,-0.5100435739560936,-0.13139195351015773,1.6001893827313254,3.5901098714230035,0.0,0.0,0.14588275624537614,0.2514568993013638,0
1758700229.377059,0,0.7560997009277344,525.0,383.0,201.0,254.0,move_forward,80.0,67.0,0.0,0.0,0.0,39,100.0,flight-001,/Users/vishwanibhagya/Development/Capturing Video/DJITelloPy/djitellopy/dataset/flight-001/session_2025-09-24_16-49-47.avi,flight-001_00012,1,51054.0,0.7913385795616591,13.0,14.0,0.08980265101338757,0.4033630247419744,-0.17991495150596815,-0.2960688449256942,-0.4001663970661272,-0.4355744302074483,-0.058268514188369994,1.6001893827313254,-0.27854300726557785,0.0,0.0,0.16717329276688464,0.08195443937459346,0
1758700231.978739,0,0.8379399180412292,544.0,408.0,223.0,297.0,move_forward,80.0,67.0,1.0,0.0,0.0,42,100.0,flight-001,/Users/vishwanibhagya/Development/Capturing Video/DJITelloPy/djitellopy/dataset/flight-001/session_2025-09-24_16-49-47.avi,flight-001_00013,1,66231.0,0.7508417483136641,19.0,25.0,0.08980265101338757,0.5816927313246604,0.020097223327240843,-0.13027993766736415,-0.09028390402039418,-0.25571793837530493,-0.16845204655289195,1.6001893827313254,3.5901098714230035,0.0,0.0,0.2310449023314101,0.19848738057424806,0
1758700234.587458,0,0.8788055777549744,554.0,441.0,244.0,330.0,move_forward,80.0,67.0,0.0,0.0,0.0,44,100.0,flight-001,/Users/vishwanibhagya/Development/Capturing Video/DJITelloPy/djitellopy/dataset/flight-001/session_2025-09-24_16-49-47.avi,flight-001_00014,1,80520.0,0.7393939371533517,10.0,33.0,0.08980265101338757,0.6755504716313372,0.2841132941070767,0.02797311017013269,0.14753289296819166,-0.08638477557702488,-0.19959918159071482,1.6001893827313254,-0.27854300726557785,0.0,0.0,0.1352374879846219,0.2832386105376332,0
1758700237.2986,0,0.873907744884491,573.0,459.0,257.0,359.0,move_forward,80.0,67.0,0.0,0.0,0.0,47,100.0,flight-001,/Users/vishwanibhagya/Development/Capturing Video/DJITelloPy/djitellopy/dataset/flight-001/session_2025-09-24_16-49-47.avi,flight-001_00015,1,92263.0,0.7158774353318177,19.0,18.0,0.08980265101338757,0.8538801782140232,0.4281220599869872,0.12593928264096407,0.3565234115339186,0.05277677041921018,-0.26358273683941386,1.6001893827313254,-0.27854300726557785,0.0,0.0,0.2310449023314101,0.12433005435628605,0
1758700240.004726,0,0.884443998336792,668.0,504.0,377.0,361.0,move_right,80.0,67.5,0.0,0.0,0.0,50,100.0,flight-001,/Users/vishwanibhagya/Development/Capturing Video/DJITelloPy/djitellopy/dataset/flight-001/session_2025-09-24_16-49-47.avi,flight-001_00016,1,136097.0,1.0443213267470324,95.0,45.0,0.08980265101338757,1.7455287111274531,0.7881439746867633,1.030242413140946,0.37093655074534804,0.5722357849128632,0.6300454070038058,1.6001893827313254,-0.27854300726557785,0.0,0.0,1.0400852901487325,0.410365455482711,2
1758700243.106633,0,0.8532910346984863,499.0,520.0,265.0,328.0,move_forward,80.0,67.0,0.0,0.0,0.0,52,100.0,flight-001,/Users/vishwanibhagya/Development/Capturing Video/DJITelloPy/djitellopy/dataset/flight-001/session_2025-09-24_16-49-47.avi,flight-001_00017,1,86920.0,0.8079268268051012,-169.0,16.0,0.08980265101338757,0.1593328999446146,0.9161517665800172,0.18622615800762954,0.13311975375676222,-0.010540962720352447,-0.013135311893462334,1.6001893827313254,-0.27854300726557785,0.0,0.0,-1.7702655306903874,0.10314224686543975,0
1758700245.9147892,0,0.8655785918235779,521.0,542.0,312.0,354.0,move_forward,80.0,67.0,0.0,0.0,0.0,55,100.0,flight-001,/Users/vishwanibhagya/Development/Capturing Video/DJITelloPy/djitellopy/dataset/flight-001/session_2025-09-24_16-49-47.avi,flight-001_00018,1,110448.0,0.8813559297136838,22.0,22.0,0.08980265101338757,0.3658199286193036,1.092162480433241,0.5404115507867892,0.320490563505345,0.2682798542939896,0.18665014507920397,1.6001893827313254,-0.27854300726557785,0.0,0.0,0.26298070711367283,0.16670566933797862,0
1758700248.544694,0,0.7831109762191772,687.0,516.0,546.0,404.0,move_right,70.0,68.0,1.0,0.0,0.0,58,100.0,flight-001,/Users/vishwanibhagya/Development/Capturing Video/DJITelloPy/djitellopy/dataset/flight-001/session_2025-09-24_16-49-47.avi,flight-001_00019,1,220584.0,1.3514851451695913,166.0,-26.0,0.08980265101338757,1.9238584177101392,0.8841498186067037,2.303802655261754,0.680819043791081,1.5734570687912512,1.4657748575653935,0.8308675641104957,3.5901098714230035,0.0,0.0,1.7958993366622837,-0.34180171044233243,2
1758700253.075637,0,0.5136047005653381,520.0,561.0,413.0,316.0,move_forward,80.0,68.0,0.0,0.0,0.0,61,100.0,flight-001,/Users/vishwanibhagya/Development/Capturing Video/DJITelloPy/djitellopy/dataset/flight-001/session_2025-09-24_16-49-47.avi,flight-001_00020,1,130508.0,1.3069620211805,-167.0,45.0,0.08980265101338757,0.356434154588636,1.24417173330648,1.3015333522909407,0.04664091848818554,0.5060028052166222,1.3446366123782578,1.6001893827313254,-0.27854300726557785,0.0,0.0,-1.748974994168879,0.410365455482711,0
1758700255.592026,0,0.8901760578155518,529.0,569.0,295.0,300.0,move_forward,70.0,69.0,1.0,0.0,0.0,65,100.0,flight-001,/Users/vishwanibhagya/Development/Capturing Video/DJITelloPy/djitellopy/dataset/flight-001/session_2025-09-24_16-49-47.avi,flight-001_00021,1,88500.0,0.9833333300555556,9.0,8.0,0.08980265101338757,0.44090612086464515,1.3081756292531068,0.41230194063262504,-0.06866419520325001,0.00818297857863856,0.46410963622333523,0.8308675641104957,3.5901098714230035,0.0,0.0,0.12459221972386766,0.01839101690205458,0
1758700257.990815,0,0.7399977445602417,515.0,610.0,289.0,217.0,move_forward,80.0,68.5,1.0,0.0,0.0,68,100.0,flight-001,/Users/vishwanibhagya/Development/Capturing Video/DJITelloPy/djitellopy/dataset/flight-001/session_2025-09-24_16-49-47.avi,flight-001_00022,1,62713.0,1.3317972288857272,-14.0,41.0,0.08980265101338757,0.30950528443529757,1.6361955959795695,0.3670867841076259,-0.6668094724775719,-0.29740833425495705,1.4122080945816713,1.6001893827313254,3.5901098714230035,0.0,0.0,-0.12024895027347991,0.36798984050101835,0
1758700261.3941498,0,0.7216954827308655,553.0,602.0,359.0,233.0,move_forward,80.0,68.5,0.0,0.0,0.0,71,100.0,flight-001,/Users/vishwanibhagya/Development/Capturing Video/DJITelloPy/djitellopy/dataset/flight-001/session_2025-09-24_16-49-47.avi,flight-001_00023,1,83647.0,1.5407725255760836,38.0,-8.0,0.08980265101338757,0.6661646976006695,1.5721917000329426,0.8945969435659488,-0.5515043587861365,-0.049327962639085086,1.9807868118956953,1.6001893827313254,-0.27854300726557785,0.0,0.0,0.4333049992857407,-0.15111144302471574,0
1758700265.59203,0,0.5924620032310486,580.0,657.0,184.0,124.0,move_forward,80.0,69.0,0.0,0.0,0.0,75,100.0,flight-001,/Users/vishwanibhagya/Development/Capturing Video/DJITelloPy/djitellopy/dataset/flight-001/session_2025-09-24_16-49-47.avi,flight-001_00024,1,22816.0,1.4838709557752343,27.0,55.0,0.08980265101338757,0.919580596428697,2.0122184846660023,-0.4241784550798583,-1.3370204458090411,-0.7702115532459978,1.8259693665664538,1.6001893827313254,-0.27854300726557785,0.0,0.0,0.316207048417444,0.5163044929369424,0
1758700267.977752,0,0.7545537352561951,591.0,651.0,195.0,135.0,move_right,70.0,69.0,1.0,0.0,0.0,78,100.0,flight-001,/Users/vishwanibhagya/Development/Capturing Video/DJITelloPy/djitellopy/dataset/flight-001/session_2025-09-24_16-49-47.avi,flight-001_00025,1,26325.0,1.444444433744856,11.0,-6.0,0.08980265101338757,1.0228241107660416,1.9642155627060323,-0.34128400145069326,-1.2577481801461792,-0.7286278127281753,1.7186979250170658,0.8308675641104957,3.5901098714230035,0.0,0.0,0.14588275624537614,-0.12992363553386946,2
1758700270.633596,0,0.5835949182510376,396.0,625.0,180.0,187.0,move_forward,80.0,69.5,0.0,0.0,0.0,81,100.0,flight-001,/Users/vishwanibhagya/Development/Capturing Video/DJITelloPy/djitellopy/dataset/flight-001/session_2025-09-24_16-49-47.avi,flight-001_00026,1,33660.0,0.9625668397723699,-195.0,-26.0,0.08980265101338757,-0.8074018252141568,1.7562029008794948,-0.454321892763191,-0.8830065606490136,-0.6417036928369734,0.40760829565664075,1.6001893827313254,-0.27854300726557785,0.0,0.0,-2.0470425054699977,-0.34180171044233243,0
1758700273.4892318,0,0.6208834052085876,366.0,663.0,206.0,111.0,move_left,80.0,69.5,0.0,0.0,0.0,84,100.0,flight-001,/Users/vishwanibhagya/Development/Capturing Video/DJITelloPy/djitellopy/dataset/flight-001/session_2025-09-24_16-49-47.avi,flight-001_00027,1,22866.0,1.855855839136434,-30.0,38.0,0.08980265101338757,-1.0889750461341874,2.0602214066259728,-0.25838954782152823,-1.4307058506833326,-0.769619023458055,2.8380635767022393,1.6001893827313254,-0.27854300726557785,0.0,0.0,-0.2905732424455478,0.33620812926474897,1
1758700275.8995368,0,0.5898144245147705,545.0,627.0,199.0,184.0,move_forward,70.0,70.0,0.0,0.0,0.0,86,100.0,flight-001,/Users/vishwanibhagya/Development/Capturing Video/DJITelloPy/djitellopy/dataset/flight-001/session_2025-09-24_16-49-47.avi,flight-001_00028,1,36616.0,1.0815217332525993,179.0,-36.0,0.08980265101338757,0.591078505355328,1.7722038748661517,-0.31114056376736055,-0.9046262694661578,-0.6066733317737978,0.7312600469611591,0.8308675641104957,-0.27854300726557785,0.0,0.0,1.9342878240520889,-0.4477407478965639,0
1758700279.902996,0,0.5232861638069153,518.0,685.0,205.0,68.0,move_forward,80.0,70.0,0.0,0.0,0.0,90,98.0,flight-001,/Users/vishwanibhagya/Development/Capturing Video/DJITelloPy/djitellopy/dataset/flight-001/session_2025-09-24_16-49-47.avi,flight-001_00029,1,13940.0,3.0147058380190317,-27.0,58.0,0.08980265101338757,0.3376626065273006,2.2362321204791966,-0.26592540724236147,-1.7405883437290657,-0.8753974412015953,5.9910556114513485,1.6001893827313254,-0.27854300726557785,0.0,0.0,-0.25863743766328506,0.5480862041732119,0
1758700345.439801,0,0.8620882034301758,325.0,412.0,176.0,379.0,move_left,50.0,76.0,0.0,0.0,0.0,104,92.0,flight-002,/Users/vishwanibhagya/Development/Capturing Video/DJITelloPy/djitellopy/dataset/flight-002/session_2025-09-24_16-52-14.avi,flight-002_00000,1,66704.0,0.46437994600427457,0.0,0.0,0.08980265101338757,-1.4737917813915624,0.05209917130055428,-0.48446533044652373,0.500654803648213,-0.2501126065813665,-0.9478555774777626,-0.7077760731311634,-0.27854300726557785,0.0,0.0,0.028784805377079472,-0.0663602130613306,1
1758700347.215178,0,0.7215016484260559,368.0,283.0,120.0,154.0,move_left,50.0,76.0,0.0,0.0,0.0,104,92.0,flight-002,/Users/vishwanibhagya/Development/Capturing Video/DJITelloPy/djitellopy/dataset/flight-002/session_2025-09-24_16-52-14.avi,flight-002_00001,1,18480.0,0.7792207741609041,43.0,-129.0,0.08980265101338757,-1.070203498072852,-0.9799636508388041,-0.906473458013182,-1.1208233576375994,-0.8215957364563933,-0.0912385654841038,-0.7077760731311634,-0.27854300726557785,0.0,0.0,0.4865313405895119,-1.4329737962209166,1
1758700349.279536,0,0.8514518737792969,428.0,406.0,182.0,390.0,move_forward,50.0,75.0,0.0,0.0,0.0,108,92.0,flight-002,/Users/vishwanibhagya/Development/Capturing Video/DJITelloPy/djitellopy/dataset/flight-002/session_2025-09-24_16-52-14.avi,flight-002_00002,1,70980.0,0.46666666547008545,60.0,123.0,0.08980265101338757,-0.507057056232791,0.004096249340584124,-0.43925017392152466,0.579927069311075,-0.19943945911650224,-0.9416338850513403,-0.7077760731311634,-0.27854300726557785,0.0,0.0,0.6675009010223341,1.2366899476257165,0
1758700351.60149,0,0.8574610352516174,420.0,432.0,195.0,401.0,move_forward,50.0,76.0,0.0,0.0,0.0,110,92.0,flight-002,/Users/vishwanibhagya/Development/Capturing Video/DJITelloPy/djitellopy/dataset/flight-002/session_2025-09-24_16-52-14.avi,flight-002_00003,1,78195.0,0.48628428806412893,-8.0,26.0,0.08980265101338757,-0.5821432484781325,0.21210891116712147,-0.34128400145069326,0.6591993349739369,-0.11393741071636292,-0.8882583767117146,-0.7077760731311634,-0.27854300726557785,0.0,0.0,-0.05637734070895446,0.2090812843196712,0
1758700353.712116,0,0.9004315733909607,405.0,450.0,212.0,428.0,move_forward,50.0,75.0,0.0,0.0,0.0,112,92.0,flight-002,/Users/vishwanibhagya/Development/Capturing Video/DJITelloPy/djitellopy/dataset/flight-002/session_2025-09-24_16-52-14.avi,flight-002_00004,1,90736.0,0.495327101646432,-15.0,18.0,0.08980265101338757,-0.7229298589381478,0.35611767704703196,-0.21317439129652915,0.8537767143282344,0.034680910695438494,-0.8636547444692201,-0.7077760731311634,-0.27854300726557785,0.0,0.0,-0.13089421853423416,0.12433005435628605,0
1758700355.834423,0,0.8837153911590576,385.0,478.0,218.0,446.0,move_forward,50.0,74.5,0.0,0.0,0.0,114,92.0,flight-002,/Users/vishwanibhagya/Development/Capturing Video/DJITelloPy/djitellopy/dataset/flight-002/session_2025-09-24_16-52-14.avi,flight-002_00005,1,97228.0,0.48878923657222145,-20.0,28.0,0.08980265101338757,-0.9106453395515014,0.580131312860226,-0.16795923477153007,0.9834949672310994,0.11161497836192559,-0.8814429280332075,-0.7077760731311634,-0.27854300726557785,0.0,0.0,-0.18412055983800538,0.2302690918105175,0
1758700357.6541162,0,0.5693403482437134,431.0,326.0,143.0,191.0,move_forward,50.0,74.5,0.0,0.0,0.0,114,92.0,flight-002,/Users/vishwanibhagya/Development/Capturing Video/DJITelloPy/djitellopy/dataset/flight-002/session_2025-09-24_16-52-14.avi,flight-002_00006,1,27313.0,0.7486910955565911,46.0,-152.0,0.08980265101338757,-0.4788997341407879,-0.6359427101256847,-0.7331486913340188,-0.8541802822261547,-0.7169194241184265,-0.17430352950504366,-0.7077760731311634,-0.27854300726557785,0.0,0.0,0.5184671453717746,-1.6766335823656489,0
1758700360.0736132,0,0.9082791209220886,338.0,494.0,254.0,447.0,move_left,60.0,74.5,0.0,0.0,0.0,118,92.0,flight-002,/Users/vishwanibhagya/Development/Capturing Video/DJITelloPy/djitellopy/dataset/flight-002/session_2025-09-24_16-52-14.avi,flight-002_00007,1,113538.0,0.5682326609211797,-93.0,168.0,0.08980265101338757,-1.3517767189928827,0.7081391047534797,0.10333170437846452,0.9907015368368142,0.30489819518885175,-0.6652937418339716,0.06154574548966615,-0.27854300726557785,0.0,0.0,-0.9612251428730652,1.7134156161697578,1
1758700362.1970088,0,0.5935803651809692,394.0,337.0,154.0,200.0,move_forward,60.0,74.5,0.0,0.0,0.0,118,92.0,flight-002,/Users/vishwanibhagya/Development/Capturing Video/DJITelloPy/djitellopy/dataset/flight-002/session_2025-09-24_16-52-14.avi,flight-002_00008,1,30800.0,0.76999999615,56.0,-157.0,0.08980265101338757,-0.8261733732754922,-0.5479373531990727,-0.6502542377048538,-0.7893211557747223,-0.6755963967072989,-0.11632640226246457,0.06154574548966615,-0.27854300726557785,0.0,0.0,0.624919827979317,-1.7296031010927646,0
1758700364.097687,0,0.9071042537689208,417.0,505.0,299.0,430.0,move_forward,50.0,74.0,0.0,0.0,0.0,123,91.0,flight-002,/Users/vishwanibhagya/Development/Capturing Video/DJITelloPy/djitellopy/dataset/flight-002/session_2025-09-24_16-52-14.avi,flight-002_00009,1,128570.0,0.6953488355922121,23.0,168.0,0.08980265101338757,-0.6103005705701355,0.7961444616800918,0.44244537831595776,0.8681898535396639,0.4830363506359611,-0.31943682626077186,-0.7077760731311634,-0.27854300726557785,0.0,0.0,0.27362597537442707,1.7134156161697578,0
1758700365.918424,0,0.5776212215423584,456.0,308.0,132.0,158.0,move_forward,50.0,74.0,0.0,0.0,0.0,123,91.0,flight-002,/Users/vishwanibhagya/Development/Capturing Video/DJITelloPy/djitellopy/dataset/flight-002/session_2025-09-24_16-52-14.avi,flight-002_00010,1,20856.0,0.8354430326870694,39.0,-197.0,0.08980265101338757,-0.24425538337409583,-0.7799514760055951,-0.8160431449631838,-1.0919970792147407,-0.7934387209333537,0.06173061385708155,-0.7077760731311634,-0.27854300726557785,0.0,0.0,0.4439502675464949,-2.1533592509096904,0
1758700367.928794,0,0.9082474708557128,372.0,479.0,348.0,478.0,move_left,50.0,74.0,0.0,0.0,0.0,126,90.0,flight-002,/Users/vishwanibhagya/Development/Capturing Video/DJITelloPy/djitellopy/dataset/flight-002/session_2025-09-24_16-52-14.avi,flight-002_00011,1,166344.0,0.7280334712802647,-84.0,171.0,0.08980265101338757,-1.0326604019501813,0.5881317998535543,0.8117024899367837,1.2141051946139705,0.9306807548309525,-0.23050866810184265,-0.7077760731311634,-0.27854300726557785,0.0,0.0,-0.865417728526277,1.7451973274060273,1
1758700369.850307,0,0.5496054887771606,413.0,292.0,143.0,189.0,move_forward,50.0,74.0,0.0,0.0,0.0,126,90.0,flight-002,/Users/vishwanibhagya/Development/Capturing Video/DJITelloPy/djitellopy/dataset/flight-002/session_2025-09-24_16-52-14.avi,flight-002_00012,1,27027.0,0.7566137526105092,41.0,-187.0,0.08980265101338757,-0.6478436666928062,-0.9079592678988488,-0.7331486913340188,-0.8685934214375842,-0.720308694505459,-0.15274761233790435,-0.7077760731311634,-0.27854300726557785,0.0,0.0,0.4652408040680034,-2.047420213455459,0
1758700371.580301,0,0.9007970094680786,444.0,506.0,386.0,425.0,move_forward,50.0,75.0,0.0,0.0,0.0,130,89.0,flight-002,/Users/vishwanibhagya/Development/Capturing Video/DJITelloPy/djitellopy/dataset/flight-002/session_2025-09-24_16-52-14.avi,flight-002_00013,1,164050.0,0.9082352919806228,31.0,214.0,0.08980265101338757,-0.35688467174210803,0.8041449486734201,1.0980651479284447,0.8321570055110903,0.9034954881601389,0.2597833505920085,-0.7077760731311634,-0.27854300726557785,0.0,0.0,0.358788121460461,2.2007351884592223,0
1758700373.795887,0,0.9105308651924132,420.0,509.0,444.0,420.0,move_forward,50.0,74.5,0.0,0.0,0.0,132,89.0,flight-002,/Users/vishwanibhagya/Development/Capturing Video/DJITelloPy/djitellopy/dataset/flight-002/session_2025-09-24_16-52-14.avi,flight-002_00014,1,186480.0,1.0571428546258503,-24.0,3.0,0.08980265101338757,-0.5821432484781325,0.8281464096534051,1.5351449943367692,0.7961241574825166,1.1693043510312582,0.6649301421414052,-0.7077760731311634,-0.27854300726557785,0.0,0.0,-0.22670163288102235,-0.03457850182506115,0
1758700375.71942,0,0.6808847784996033,464.0,329.0,136.0,184.0,move_forward,50.0,74.5,0.0,0.0,0.0,132,89.0,flight-002,/Users/vishwanibhagya/Development/Capturing Video/DJITelloPy/djitellopy/dataset/flight-002/session_2025-09-24_16-52-14.avi,flight-002_00015,1,25024.0,0.7391304307655955,44.0,-180.0,0.08980265101338757,-0.16916919112875434,-0.6119412491456996,-0.785899707279851,-0.9046262694661578,-0.7440454378104457,-0.20031612816922098,-0.7077760731311634,-0.27854300726557785,0.0,0.0,0.49717660885026616,-1.9732628872374969,0
1758700377.86031,0,0.7419827580451965,260.0,616.0,255.0,205.0,move_left,60.0,74.5,0.0,0.0,0.0,136,88.0,flight-002,/Users/vishwanibhagya/Development/Capturing Video/DJITelloPy/djitellopy/dataset/flight-002/session_2025-09-24_16-52-14.avi,flight-002_00016,1,52275.0,1.2439024329565735,-204.0,287.0,0.08980265101338757,-2.083867093384962,1.6841985179395398,0.1108675637992977,-0.7532883077461486,-0.4211048527858863,1.1730644679451443,0.06154574548966615,-0.27854300726557785,0.0,0.0,-2.142849919816786,2.9740901618751123,1
1758700379.781242,0,0.6649696230888367,439.0,441.0,196.0,227.0,move_forward,60.0,74.5,0.0,0.0,0.0,136,88.0,flight-002,/Users/vishwanibhagya/Development/Capturing Video/DJITelloPy/djitellopy/dataset/flight-002/session_2025-09-24_16-52-14.avi,flight-002_00017,1,44492.0,0.8634361195443343,179.0,-175.0,0.08980265101338757,-0.40381354189544644,0.2841132941070767,-0.3337481420298601,-0.5947437764204248,-0.5133380395770553,0.13789403446725654,0.06154574548966615,-0.27854300726557785,0.0,0.0,1.9342878240520889,-1.9202933685103811,0
1758700381.9874492,0,0.876987874507904,313.0,569.0,336.0,299.0,move_left,50.0,74.0,0.0,0.0,0.0,140,87.0,flight-002,/Users/vishwanibhagya/Development/Capturing Video/DJITelloPy/djitellopy/dataset/flight-002/session_2025-09-24_16-52-14.avi,flight-002_00018,1,100464.0,1.123745815639646,-126.0,128.0,0.08980265101338757,-1.5864210697595746,1.3081756292531068,0.7212721768867856,-0.07587076480896474,0.1499635062375806,0.8461430737284881,-0.7077760731311634,-0.27854300726557785,0.0,0.0,-1.312518995477955,1.289659466352832,1
1758700384.010069,0,0.8371418714523315,494.0,384.0,181.0,215.0,move_forward,50.0,74.0,0.0,0.0,0.0,140,87.0,flight-002,/Users/vishwanibhagya/Development/Capturing Video/DJITelloPy/djitellopy/dataset/flight-002/session_2025-09-24_16-52-14.avi,flight-002_00019,1,38915.0,0.8418604612006491,181.0,-185.0,0.08980265101338757,0.11240402979127617,-0.17191446451263978,-0.44678603334235784,-0.6812226116890014,-0.57942881212419,0.07919111435878477,-0.7077760731311634,-0.27854300726557785,0.0,0.0,1.9555783605735975,-2.026232405964613,0
1758700386.424038,0,0.8611672520637512,526.0,432.0,233.0,253.0,move_forward,50.0,74.0,0.0,0.0,0.0,144,86.0,flight-002,/Users/vishwanibhagya/Development/Capturing Video/DJITelloPy/djitellopy/dataset/flight-002/session_2025-09-24_16-52-14.avi,flight-002_00020,1,58949.0,0.9209486129606774,32.0,48.0,0.08980265101338757,0.4127487987726421,0.21210891116712147,-0.05492134345903232,-0.407372966671842,-0.3420139766912875,0.2943736770570146,-0.7077760731311634,-0.27854300726557785,0.0,0.0,0.36943338972121526,0.44214716671898036,0
1758700388.516938,0,0.764074444770813,516.0,491.0,259.0,375.0,move_forward,50.0,74.0,0.0,0.0,0.0,147,86.0,flight-002,/Users/vishwanibhagya/Development/Capturing Video/DJITelloPy/djitellopy/dataset/flight-002/session_2025-09-24_16-52-14.avi,flight-002_00021,1,97125.0,0.6906666648248889,-10.0,59.0,0.08980265101338757,0.3188910584659652,0.6841376437734947,0.14101100148263043,0.4718285252253542,0.11039436699876352,-0.33217604803144085,-0.7077760731311634,-0.27854300726557785,0.0,0.0,-0.07766787723046295,0.558680107918635,0
1758700390.539478,0,0.8550340533256531,501.0,512.0,281.0,412.0,move_forward,50.0,74.0,0.0,0.0,0.0,149,86.0,flight-002,/Users/vishwanibhagya/Development/Capturing Video/DJITelloPy/djitellopy/dataset/flight-002/session_2025-09-24_16-52-14.avi,flight-002_00022,1,115772.0,0.6820388332960222,-15.0,21.0,0.08980265101338757,0.17810444800594996,0.8521478706333903,0.30679990874096047,0.7384716006367988,0.331372426114134,-0.35565059962474843,-0.7077760731311634,-0.27854300726557785,0.0,0.0,-0.13089421853423416,0.1561117655925555,0
1758700392.541674,0,0.8352176547050476,491.0,528.0,305.0,381.0,move_forward,50.0,73.0,0.0,0.0,0.0,151,86.0,flight-002,/Users/vishwanibhagya/Development/Capturing Video/DJITelloPy/djitellopy/dataset/flight-002/session_2025-09-24_16-52-14.avi,flight-002_00023,1,116205.0,0.8005249322820868,-10.0,16.0,0.08980265101338757,0.08424670769927313,0.980155662526644,0.48766053484095684,0.5150679428596425,0.3365037340777182,-0.03327434153113843,-0.7077760731311634,-0.27854300726557785,0.0,0.0,-0.07766787723046295,0.10314224686543975,0
1758700394.445072,0,0.8059228658676147,462.0,550.0,328.0,337.0,move_forward,50.0,73.0,0.0,0.0,0.0,153,85.0,flight-002,/Users/vishwanibhagya/Development/Capturing Video/DJITelloPy/djitellopy/dataset/flight-002/session_2025-09-24_16-52-14.avi,flight-002_00024,1,110536.0,0.9732937656578821,-29.0,22.0,0.08980265101338757,-0.18794073919008972,1.156166376379868,0.66098530152012,0.1979788802081947,0.26932270672076886,0.4367940504195316,-0.7077760731311634,-0.27854300726557785,0.0,0.0,-0.27992797418479354,0.16670566933797862,0
1758700396.661759,0,0.8806336522102356,491.0,552.0,361.0,333.0,move_forward,50.0,74.0,0.0,0.0,0.0,155,85.0,flight-002,/Users/vishwanibhagya/Development/Capturing Video/DJITelloPy/djitellopy/dataset/flight-002/session_2025-09-24_16-52-14.avi,flight-002_00025,1,120213.0,1.0840840808285763,29.0,2.0,0.08980265101338757,0.08424670769927313,1.1721673503665246,0.9096686624076151,0.1691526017853358,0.3840009218792093,0.7382316666747584,-0.7077760731311634,-0.27854300726557785,0.0,0.0,0.3374975849389525,-0.0451724055704843,0
1758700399.164202,0,0.6621085405349731,523.0,621.0,315.0,196.0,move_forward,50.0,73.0,0.0,0.0,0.0,158,85.0,flight-002,/Users/vishwanibhagya/Development/Capturing Video/DJITelloPy/djitellopy/dataset/flight-002/session_2025-09-24_16-52-14.avi,flight-002_00026,1,61740.0,1.6071428489431487,32.0,69.0,0.08980265101338757,0.38459147668063903,1.7242009529061815,0.5630191290492886,-0.8181474341975812,-0.30893896392832304,2.1613667843872686,-0.7077760731311634,-0.27854300726557785,0.0,0.0,0.36943338972121526,0.6646191453728665,0
1758700401.183036,0,0.5155532956123352,601.0,669.0,188.0,99.0,move_right,50.0,73.5,0.0,0.0,0.0,160,84.0,flight-002,/Users/vishwanibhagya/Development/Capturing Video/DJITelloPy/djitellopy/dataset/flight-002/session_2025-09-24_16-52-14.avi,flight-002_00027,1,18612.0,1.898989879808183,78.0,48.0,0.08980265101338757,1.1166818510727183,2.1082243285859428,-0.3940350173965256,-1.5171846859519091,-0.8200314578162244,2.9554224124408646,-0.7077760731311634,-0.27854300726557785,0.0,0.0,0.8591157297159103,0.44214716671898036,2
1758700403.1864069,0,0.8185110092163086,300.0,622.0,241.0,194.0,move_left,50.0,73.0,0.0,0.0,0.0,162,84.0,flight-002,/Users/vishwanibhagya/Development/Capturing Video/DJITelloPy/djitellopy/dataset/flight-002/session_2025-09-24_16-52-14.avi,flight-002_00028,1,46754.0,1.2422680348336699,-301.0,-47.0,0.08980265101338757,-1.7084361321582546,1.7322014398995098,0.005365531907633144,-0.8325605734090106,-0.4865319919705251,1.168617607464415,-0.7077760731311634,-0.27854300726557785,0.0,0.0,-3.1754409411099473,-0.5642736890962184,1
1758700405.504238,0,0.657378077507019,452.0,621.0,217.0,196.0,move_forward,50.0,73.5,0.0,0.0,0.0,164,84.0,flight-002,/Users/vishwanibhagya/Development/Capturing Video/DJITelloPy/djitellopy/dataset/flight-002/session_2025-09-24_16-52-14.avi,flight-002_00029,1,42532.0,1.1071428514941692,152.0,-1.0,0.08980265101338757,-0.28179847949676656,1.7242009529061815,-0.17549509419236325,-0.8181474341975812,-0.5365652072644111,0.8009698297759574,-0.7077760731311634,-0.27854300726557785,0.0,0.0,1.6468655810117243,-0.07695411680675374,0
1758700603.6530402,0,0.8162608742713928,524.0,290.0,109.0,197.0,move_forward,90.0,86.0,0.0,0.0,0.0,201,76.0,flight-003,/Users/vishwanibhagya/Development/Capturing Video/DJITelloPy/djitellopy/dataset/flight-003/session_2025-09-24_16-56-32.avi,flight-003_00000,1,21473.0,0.5532994895771599,0.0,0.0,0.08980265101338757,0.3939772507113067,-0.9239602418855056,-0.989367911642347,-0.8109408645918664,-0.7861269033501401,-0.7059238236794549,2.369511201352155,-0.27854300726557785,0.0,0.0,0.028784805377079472,-0.0663602130613306,0
1758700660.688517,0,0.7803049683570862,437.0,275.0,166.0,220.0,move_forward,60.0,85.0,0.0,0.0,0.0,216,75.0,flight-004,/Users/vishwanibhagya/Development/Capturing Video/DJITelloPy/djitellopy/dataset/flight-004/session_2025-09-24_16-57-31.avi,flight-004_00000,1,36520.0,0.7545454511157025,0.0,0.0,0.08980265101338757,-0.42258508995678185,-1.043967546785431,-0.5598239246548555,-0.6451897636604278,-0.6078109889666479,-0.15837503447612192,0.06154574548966615,-0.27854300726557785,0.0,0.0,0.028784805377079472,-0.0663602130613306,0
1758700662.930374,0,0.7882837057113647,446.0,273.0,173.0,235.0,move_forward,50.0,84.0,0.0,0.0,0.0,219,75.0,flight-004,/Users/vishwanibhagya/Development/Capturing Video/DJITelloPy/djitellopy/dataset/flight-004/session_2025-09-24_16-57-31.avi,flight-004_00001,1,40655.0,0.7361702096333183,9.0,-2.0,0.08980265101338757,-0.3381131236807727,-1.0599685207720877,-0.5070729087090233,-0.537091219574707,-0.5588087755037822,-0.20837027983696557,-0.7077760731311634,-0.27854300726557785,0.0,0.0,0.12459221972386766,-0.08754802055217686,0
1758700665.240276,0,0.8839229345321655,453.0,304.0,187.0,255.0,move_forward,60.0,83.5,0.0,0.0,0.0,221,75.0,flight-004,/Users/vishwanibhagya/Development/Capturing Video/DJITelloPy/djitellopy/dataset/flight-004/session_2025-09-24_16-57-31.avi,flight-004_00002,1,47685.0,0.7333333304575164,7.0,31.0,0.08980265101338757,-0.27241270546609886,-0.8119534239789086,-0.40157087681735876,-0.3929598274604125,-0.475499087319031,-0.21608884345906829,0.06154574548966615,-0.27854300726557785,0.0,0.0,0.10330168320235918,0.26205080304678696,0
1758700667.4663308,0,0.7825742363929749,434.0,306.0,186.0,274.0,move_forward,60.0,82.5,0.0,0.0,0.0,223,75.0,flight-004,/Users/vishwanibhagya/Development/Capturing Video/DJITelloPy/djitellopy/dataset/flight-004/session_2025-09-24_16-57-31.avi,flight-004_00003,1,50964.0,0.6788321143108317,-19.0,2.0,0.08980265101338757,-0.45074241204878485,-0.7959524499922519,-0.40910673623819194,-0.2560350049518328,-0.4366409838257453,-0.3643754211527578,0.06154574548966615,-0.27854300726557785,0.0,0.0,-0.17347529157725114,-0.0451724055704843,0
1758700669.285752,0,0.9110544919967652,394.0,322.0,152.0,293.0,move_forward,60.0,82.5,0.0,0.0,0.0,225,75.0,flight-004,/Users/vishwanibhagya/Development/Capturing Video/DJITelloPy/djitellopy/dataset/flight-004/session_2025-09-24_16-57-31.avi,flight-004_00004,1,44536.0,0.5187713292874698,-40.0,16.0,0.08980265101338757,-0.8261733732754922,-0.6679446580989981,-0.6653259565465202,-0.11911018244325307,-0.5128166133636657,-0.7998678323716123,0.06154574548966615,-0.27854300726557785,0.0,0.0,-0.3970259250530902,0.10314224686543975,0
1758700671.263144,0,0.8893873691558838,381.0,329.0,170.0,312.0,move_forward,60.0,82.0,0.0,0.0,0.0,227,75.0,flight-004,/Users/vishwanibhagya/Development/Capturing Video/DJITelloPy/djitellopy/dataset/flight-004/session_2025-09-24_16-57-31.avi,flight-004_00005,1,53040.0,0.5448717931254109,-13.0,7.0,0.08980265101338757,-0.9481884356741721,-0.6119412491456996,-0.5296804869715228,0.01781464006532665,-0.41203914703036215,-0.7288538489711407,0.06154574548966615,-0.27854300726557785,0.0,0.0,-0.10960368201272568,0.007797113156631433,0
1758700673.267691,0,0.9151418805122375,368.0,343.0,181.0,337.0,move_left,60.0,81.0,0.0,0.0,0.0,229,75.0,flight-004,/Users/vishwanibhagya/Development/Capturing Video/DJITelloPy/djitellopy/dataset/flight-004/session_2025-09-24_16-57-31.avi,flight-004_00006,1,60997.0,0.537091986536819,-13.0,14.0,0.08980265101338757,-1.070203498072852,-0.49993443123910253,-0.44678603334235784,0.1979788802081947,-0.3177439565771524,-0.7500210994603077,0.06154574548966615,-0.27854300726557785,0.0,0.0,-0.10960368201272568,0.08195443937459346,1
1758700675.372651,0,0.9246923923492432,424.0,346.0,178.0,343.0,move_forward,60.0,81.0,0.0,0.0,0.0,231,74.0,flight-004,/Users/vishwanibhagya/Development/Capturing Video/DJITelloPy/djitellopy/dataset/flight-004/session_2025-09-24_16-57-31.avi,flight-004_00007,1,61054.0,0.5189504358048093,56.0,3.0,0.08980265101338757,-0.5446001523554617,-0.47593297025911746,-0.4693936116048574,0.24121829784248305,-0.31706847261889765,-0.7993805204476468,0.06154574548966615,-0.27854300726557785,0.0,0.0,0.624919827979317,-0.03457850182506115,0
1758700677.781413,0,0.925102472305298,414.0,331.0,193.0,368.0,move_forward,50.0,80.5,0.0,0.0,0.0,233,74.0,flight-004,/Users/vishwanibhagya/Development/Capturing Video/DJITelloPy/djitellopy/dataset/flight-004/session_2025-09-24_16-57-31.avi,flight-004_00008,1,71024.0,0.5244565203139768,-10.0,-15.0,0.08980265101338757,-0.6384578926621386,-0.5959402751590429,-0.3563557202923596,0.4213825379853511,-0.1989180329031126,-0.7843995991750053,-0.7077760731311634,-0.27854300726557785,0.0,0.0,-0.07766787723046295,-0.22526876924267777,0
1758700679.3659809,0,0.903172731399536,435.0,368.0,208.0,406.0,move_forward,60.0,79.5,0.0,0.0,0.0,236,73.0,flight-004,/Users/vishwanibhagya/Development/Capturing Video/DJITelloPy/djitellopy/dataset/flight-004/session_2025-09-24_16-57-31.avi,flight-004_00009,1,84448.0,0.5123152696741003,21.0,37.0,0.08980265101338757,-0.4413566380181172,-0.29992225640589354,-0.2433178289798619,0.6952321830025106,-0.039835635436242176,-0.8174334401348666,0.06154574548966615,-0.27854300726557785,0.0,0.0,0.2523354388529186,0.32561422551932584,0
1758700681.231487,0,0.9188438653945924,413.0,408.0,235.0,462.0,move_forward,60.0,80.0,0.0,0.0,0.0,237,72.0,flight-004,/Users/vishwanibhagya/Development/Capturing Video/DJITelloPy/djitellopy/dataset/flight-004/session_2025-09-24_16-57-31.avi,flight-004_00010,1,108570.0,0.5086580075570173,-22.0,40.0,0.08980265101338757,-0.6478436666928062,0.020097223327240843,-0.03984962461736595,1.098800080922535,0.24602443545885977,-0.8273840966782254,0.06154574548966615,-0.27854300726557785,0.0,0.0,-0.20541109635951385,0.3573959367555952,0
1758700682.968653,0,0.89860999584198,422.0,451.0,265.0,527.0,move_forward,60.0,80.0,0.0,0.0,0.0,239,72.0,flight-004,/Users/vishwanibhagya/Development/Capturing Video/DJITelloPy/djitellopy/dataset/flight-004/session_2025-09-24_16-57-31.avi,flight-004_00011,1,139655.0,0.5028462988560791,9.0,43.0,0.08980265101338757,-0.5633717004167971,0.3641181640403603,0.18622615800762954,1.567227105293992,0.6144002046228696,-0.84319655839459,0.06154574548966615,-0.27854300726557785,0.0,0.0,0.12459221972386766,0.38917764799186466,0
1758700684.9693792,0,0.9035688042640686,387.0,468.0,337.0,502.0,move_forward,60.0,79.0,0.0,0.0,0.0,241,72.0,flight-004,/Users/vishwanibhagya/Development/Capturing Video/DJITelloPy/djitellopy/dataset/flight-004/session_2025-09-24_16-57-31.avi,flight-004_00012,1,169174.0,0.6713147396985762,-35.0,17.0,0.08980265101338757,-0.891873791490166,0.5001264429269424,0.7288080363076187,1.3870628651511239,0.9642179408285123,-0.38482864831548036,0.06154574548966615,-0.27854300726557785,0.0,0.0,-0.343799583749319,0.1137361506108629,0
1758700686.9744158,0,0.9257280826568604,348.0,456.0,397.0,526.0,move_left,60.0,79.0,0.0,0.0,0.0,243,71.0,flight-004,/Users/vishwanibhagya/Development/Capturing Video/DJITelloPy/djitellopy/dataset/flight-004/session_2025-09-24_16-57-31.avi,flight-004_00013,1,208822.0,0.7547528502761353,-39.0,-12.0,0.08980265101338757,-1.2579189786862057,0.4041205990070021,1.1809596015576096,1.5600205356882773,1.434070361475598,-0.1578107441007595,0.06154574548966615,-0.27854300726557785,0.0,0.0,-0.38638065679233596,-0.19348705800640834,1
1758700688.9838688,0,0.9093856811523438,445.0,413.0,417.0,610.0,move_forward,50.0,78.5,0.0,0.0,0.0,245,71.0,flight-004,/Users/vishwanibhagya/Development/Capturing Video/DJITelloPy/djitellopy/dataset/flight-004/session_2025-09-24_16-57-31.avi,flight-004_00014,1,254370.0,0.6836065562563827,97.0,-43.0,0.08980265101338757,-0.3474988977114403,0.06009965829388264,1.3316767899742734,2.165372382568314,1.9738412970999284,-0.35138514852108876,-0.7077760731311634,-0.27854300726557785,0.0,0.0,1.0613758266702409,-0.5218980741145259,0
1758700690.977126,0,0.8975784778594971,425.0,428.0,476.0,579.0,move_forward,60.0,78.0,0.0,0.0,0.0,247,70.0,flight-004,/Users/vishwanibhagya/Development/Capturing Video/DJITelloPy/djitellopy/dataset/flight-004/session_2025-09-24_16-57-31.avi,flight-004_00015,1,275604.0,0.8221070797545647,-20.0,15.0,0.08980265101338757,-0.535214378324794,0.18010696319380803,1.7762924958034312,1.9419687247911575,2.225476847443457,0.025446234159518587,0.06154574548966615,-0.27854300726557785,0.0,0.0,-0.18412055983800538,0.09254834312001661,0
1758700693.0408351,0,0.921001136302948,396.0,462.0,537.0,514.0,move_forward,60.0,78.0,0.0,0.0,0.0,249,70.0,flight-004,/Users/vishwanibhagya/Development/Capturing Video/DJITelloPy/djitellopy/dataset/flight-004/session_2025-09-24_16-57-31.avi,flight-004_00016,1,276018.0,1.0447470796794804,-29.0,34.0,0.08980265101338757,-0.8074018252141568,0.4521235209669723,2.2359799204742554,1.4735417004197005,2.230382994087623,0.6312037929951544,0.06154574548966615,-0.27854300726557785,0.0,0.0,-0.27992797418479354,0.2938325142830564,0
1758700695.7217312,0,0.915507435798645,355.0,490.0,632.0,457.0,move_left,60.0,78.0,0.0,0.0,0.0,251,70.0,flight-004,/Users/vishwanibhagya/Development/Capturing Video/DJITelloPy/djitellopy/dataset/flight-004/session_2025-09-24_16-57-31.avi,flight-004_00017,1,288824.0,1.3829321632758595,-41.0,28.0,0.08980265101338757,-1.1922185604715319,0.6761371567801664,2.9518865654534077,1.0627672328939615,2.382141723375521,1.5513357133286767,0.06154574548966615,-0.27854300726557785,0.0,0.0,-0.40767119331384444,0.2302690918105175,1
1758700698.212062,0,0.8797363638877869,500.0,452.0,683.0,533.0,move_forward,60.0,77.5,0.0,0.0,0.0,253,69.0,flight-004,/Users/vishwanibhagya/Development/Capturing Video/DJITelloPy/djitellopy/dataset/flight-004/session_2025-09-24_16-57-31.avi,flight-004_00018,1,364039.0,1.2814258887778125,145.0,-38.0,0.08980265101338757,0.16871867397528229,0.3721186510336887,3.3362153959159,1.6104665229282802,3.273484283377805,1.275158058517441,0.06154574548966615,-0.27854300726557785,0.0,0.0,1.5723487031864447,-0.4689285553874102,0
1758700700.688414,0,0.8835681080818176,428.0,428.0,824.0,579.0,move_forward,60.0,76.0,0.0,0.0,0.0,256,69.0,flight-004,/Users/vishwanibhagya/Development/Capturing Video/DJITelloPy/djitellopy/dataset/flight-004/session_2025-09-24_16-57-31.avi,flight-004_00019,1,477096.0,1.4231433481465572,-72.0,-24.0,0.08980265101338757,-0.507057056232791,0.18010696319380803,4.398771574253379,1.9419687247911575,4.613277088086682,1.6607420607656913,0.06154574548966615,-0.27854300726557785,0.0,0.0,-0.737674509397226,-0.32061390295148606,0
1758700702.150045,0,0.5904200077056885,72.0,672.0,144.0,94.0,move_left,70.0,76.0,0.0,0.0,0.0,258,68.0,flight-004,/Users/vishwanibhagya/Development/Capturing Video/DJITelloPy/djitellopy/dataset/flight-004/session_2025-09-24_16-57-31.avi,flight-004_00020,1,13536.0,1.5319148773200546,-356.0,244.0,0.08980265101338757,-3.8483926111504867,2.132225789565928,-0.7256128319131856,-1.5532175339804828,-0.8801850818881728,1.9566869763476968,0.8308675641104957,-0.27854300726557785,0.0,0.0,-3.7609306954514308,2.518552300821917,1
1758700795.075482,0,0.8040374517440796,604.0,265.0,122.0,186.0,move_right,40.0,81.0,0.0,0.0,0.0,279,66.0,flight-005,/Users/vishwanibhagya/Development/Capturing Video/DJITelloPy/djitellopy/dataset/flight-005/session_2025-09-24_16-59-46.avi,flight-005_00000,1,22692.0,0.6559139749682045,0.0,0.0,0.08980265101338757,1.1448391731647214,-1.1239724167187146,-0.8914017391715157,-0.8902131302547284,-0.7716810271200958,-0.4267309554050337,-1.477097891751993,-0.27854300726557785,0.0,0.0,0.028784805377079472,-0.0663602130613306,2
1758700797.32815,0,0.7738733887672424,576.0,273.0,109.0,185.0,move_forward,50.0,81.5,0.0,0.0,0.0,281,66.0,flight-005,/Users/vishwanibhagya/Development/Capturing Video/DJITelloPy/djitellopy/dataset/flight-005/session_2025-09-24_16-59-46.avi,flight-005_00001,1,20165.0,0.5891891860043827,-28.0,8.0,0.08980265101338757,0.8820375003060262,-1.0599685207720877,-0.989367911642347,-0.8974196998604431,-0.8016274826027225,-0.6082753557382117,-0.7077760731311634,-0.27854300726557785,0.0,0.0,-0.2692827059240393,0.01839101690205458,0
1758700799.3364348,0,0.8135225176811218,584.0,245.0,121.0,193.0,move_right,40.0,80.5,0.0,0.0,0.0,284,66.0,flight-005,/Users/vishwanibhagya/Development/Capturing Video/DJITelloPy/djitellopy/dataset/flight-005/session_2025-09-24_16-59-46.avi,flight-005_00002,1,23353.0,0.6269430019329378,8.0,-28.0,0.08980265101338757,0.9571236925513678,-1.2839821565852818,-0.8989375985923488,-0.8397671430147253,-0.7638477833234926,-0.5055550027858036,-1.477097891751993,-0.27854300726557785,0.0,0.0,0.11394695146311341,-0.3629895179331787,2
1758700802.353896,0,0.7611013054847717,585.0,248.0,107.0,186.0,move_right,40.0,80.0,0.0,0.0,0.0,286,66.0,flight-005,/Users/vishwanibhagya/Development/Capturing Video/DJITelloPy/djitellopy/dataset/flight-005/session_2025-09-24_16-59-46.avi,flight-005_00003,1,19902.0,0.575268814111458,1.0,3.0,0.08980265101338757,0.9665094665820354,-1.2599806956052968,-1.0044396304840133,-0.8902131302547284,-0.8047441892873014,-0.6461498189918321,-1.477097891751993,-0.27854300726557785,0.0,0.0,0.03943007363783371,-0.03457850182506115,2
1758700804.27441,0,0.7937924265861511,562.0,260.0,108.0,182.0,move_forward,40.0,80.0,0.0,0.0,0.0,289,66.0,flight-005,/Users/vishwanibhagya/Development/Capturing Video/DJITelloPy/djitellopy/dataset/flight-005/session_2025-09-24_16-59-46.avi,flight-005_00004,1,19656.0,0.5934065901461176,-23.0,12.0,0.08980265101338757,0.7506366638766787,-1.1639748516853563,-0.9969037710631802,-0.9190394086775873,-0.8076594358439797,-0.5968006681781048,-1.477097891751993,-0.27854300726557785,0.0,0.0,-0.2160563646202681,0.06076663188374716,0
1758700814.767675,0,0.7895117402076721,559.0,253.0,113.0,188.0,move_forward,40.0,79.5,0.0,0.0,0.0,291,66.0,flight-005,/Users/vishwanibhagya/Development/Capturing Video/DJITelloPy/djitellopy/dataset/flight-005/session_2025-09-24_16-59-46.avi,flight-005_00005,1,21244.0,0.6010638265900861,-3.0,-7.0,0.08980265101338757,0.7224793417846757,-1.2199782606386549,-0.9592244739590142,-0.8757999910432989,-0.7888406897789179,-0.5759669057935833,-1.477097891751993,-0.27854300726557785,0.0,0.0,-0.003150999405183254,-0.14051753927929259,0
1758700817.006739,0,0.7871460914611816,653.0,270.0,109.0,207.0,move_right,40.0,77.5,0.0,0.0,0.0,301,63.0,flight-005,/Users/vishwanibhagya/Development/Capturing Video/DJITelloPy/djitellopy/dataset/flight-005/session_2025-09-24_16-59-46.avi,flight-005_00006,1,22563.0,0.5265700457653621,94.0,17.0,0.08980265101338757,1.604742100667438,-1.0839699817520727,-0.989367911642347,-0.7388751685347192,-0.7732097539729881,-0.7786491319705501,-1.477097891751993,-0.27854300726557785,0.0,0.0,1.0294400218879782,0.1137361506108629,2
1758700819.109519,0,0.84321129322052,586.0,266.0,133.0,206.0,move_right,40.0,77.0,0.0,0.0,0.0,303,62.0,flight-005,/Users/vishwanibhagya/Development/Capturing Video/DJITelloPy/djitellopy/dataset/flight-005/session_2025-09-24_16-59-46.avi,flight-005_00007,1,27398.0,0.6456310648270337,-67.0,-4.0,0.08980265101338757,0.9758952406127032,-1.1159719297253863,-0.8085072855423506,-0.7460817381404339,-0.7159121234789237,-0.45470863482895796,-1.477097891751993,-0.27854300726557785,0.0,0.0,-0.6844481680934549,-0.10873582804302316,2
1758700821.400896,0,0.8559717535972595,541.0,277.0,132.0,209.0,move_forward,40.0,77.0,0.0,0.0,0.0,305,62.0,flight-005,/Users/vishwanibhagya/Development/Capturing Video/DJITelloPy/djitellopy/dataset/flight-005/session_2025-09-24_16-59-46.avi,flight-005_00008,1,27588.0,0.6315789443465122,-45.0,11.0,0.08980265101338757,0.5535354092326573,-1.0279665727987743,-0.8160431449631838,-0.7244620293232897,-0.7136605102847413,-0.4929415588390893,-1.477097891751993,-0.27854300726557785,0.0,0.0,-0.45025226635686144,0.05017272813832402,0
1758700823.512112,0,0.8696004748344421,505.0,271.0,142.0,227.0,move_forward,50.0,76.5,0.0,0.0,0.0,308,61.0,flight-005,/Users/vishwanibhagya/Development/Capturing Video/DJITelloPy/djitellopy/dataset/flight-005/session_2025-09-24_16-59-46.avi,flight-005_00009,1,32234.0,0.6255506580372218,-36.0,-6.0,0.08980265101338757,0.2156475441286207,-1.0759694947587444,-0.740684550754852,-0.5947437764204248,-0.6586026423891007,-0.5093432835961391,-0.7077760731311634,-0.27854300726557785,0.0,0.0,-0.35444485201007325,-0.12992363553386946,0
1758700825.40521,0,0.9079205989837646,479.0,232.0,166.0,247.0,move_forward,40.0,76.5,0.0,0.0,0.0,310,61.0,flight-005,/Users/vishwanibhagya/Development/Capturing Video/DJITelloPy/djitellopy/dataset/flight-005/session_2025-09-24_16-59-46.avi,flight-005_00010,1,41002.0,0.6720647746070252,-26.0,-39.0,0.08980265101338757,-0.028382580668739086,-1.3879884874985504,-0.5598239246548555,-0.4506123843061303,-0.5546966187754595,-0.3827879578944564,-1.477097891751993,-0.27854300726557785,0.0,0.0,-0.24799216940253083,-0.4795224591328333,0
1758700827.30863,0,0.907110333442688,468.0,265.0,177.0,274.0,move_forward,40.0,76.5,0.0,0.0,0.0,312,61.0,flight-005,/Users/vishwanibhagya/Development/Capturing Video/DJITelloPy/djitellopy/dataset/flight-005/session_2025-09-24_16-59-46.avi,flight-005_00011,1,48498.0,0.6459853991022431,-11.0,33.0,0.08980265101338757,-0.1316260950060836,-1.1239724167187146,-0.47692947102569055,-0.2560350049518328,-0.46586455296708185,-0.4537445642862208,-1.477097891751993,-0.27854300726557785,0.0,0.0,-0.08831314549121719,0.2832386105376332,0
1758700829.202131,0,0.8946171998977661,477.0,292.0,182.0,295.0,move_forward,40.0,76.5,0.0,0.0,0.0,314,60.0,flight-005,/Users/vishwanibhagya/Development/Capturing Video/DJITelloPy/djitellopy/dataset/flight-005/session_2025-09-24_16-59-46.avi,flight-005_00012,1,53690.0,0.6169491504510198,9.0,27.0,0.08980265101338757,-0.047154128730074456,-0.9079592678988488,-0.43925017392152466,-0.10469704323182363,-0.40433625978710636,-0.5327462131662122,-1.477097891751993,-0.27854300726557785,0.0,0.0,0.12459221972386766,0.21967518806509437,0
1758700831.103062,0,0.901484191417694,479.0,304.0,185.0,319.0,move_forward,40.0,76.0,0.0,0.0,0.0,316,60.0,flight-005,/Users/vishwanibhagya/Development/Capturing Video/DJITelloPy/djitellopy/dataset/flight-005/session_2025-09-24_16-59-46.avi,flight-005_00013,1,59015.0,0.5799373022572498,2.0,12.0,0.08980265101338757,-0.028382580668739086,-0.8119534239789086,-0.4166425956590251,0.06826062730532971,-0.3412318373712031,-0.6334478248146777,-1.477097891751993,-0.27854300726557785,0.0,0.0,0.05007534189858796,0.06076663188374716,0
1758700833.006476,0,0.9078317880630492,478.0,319.0,178.0,342.0,move_forward,40.0,75.5,0.0,0.0,0.0,317,60.0,flight-005,/Users/vishwanibhagya/Development/Capturing Video/DJITelloPy/djitellopy/dataset/flight-005/session_2025-09-24_16-59-46.avi,flight-005_00014,1,60876.0,0.5204678347354742,-1.0,15.0,0.08980265101338757,-0.03776835469940677,-0.6919461190789832,-0.4693936116048574,0.23401172823676833,-0.31917787866397385,-0.7952519906581688,-1.477097891751993,-0.27854300726557785,0.0,0.0,0.01813953711632523,0.09254834312001661,0
1758700834.7918668,0,0.9097272753715516,462.0,325.0,206.0,371.0,move_forward,40.0,75.5,0.0,0.0,0.0,319,60.0,flight-005,/Users/vishwanibhagya/Development/Capturing Video/DJITelloPy/djitellopy/dataset/flight-005/session_2025-09-24_16-59-46.avi,flight-005_00015,1,76426.0,0.5552560631933798,-16.0,6.0,0.08980265101338757,-0.18794073919008972,-0.643943197119013,-0.25838954782152823,0.4430022468024953,-0.13490111461377752,-0.7006003900743377,-1.477097891751993,-0.27854300726557785,0.0,0.0,-0.1415394867949884,-0.002796790588791713,0
1758700837.099743,0,0.9118639826774596,710.0,385.0,276.0,667.0,move_right,40.0,74.5,0.0,0.0,0.0,321,59.0,flight-005,/Users/vishwanibhagya/Development/Capturing Video/DJITelloPy/djitellopy/dataset/flight-005/session_2025-09-24_16-59-46.avi,flight-005_00016,1,184092.0,0.4137931028278964,248.0,60.0,0.08980265101338757,2.139731220415496,-0.16391397751931144,0.26912061163679457,2.576146850094053,1.1410051283591123,-1.0854919529810787,-1.477097891751993,-0.27854300726557785,0.0,0.0,2.6688113340441317,0.5692740116640581,2
1758700840.070504,0,0.5103223919868469,935.0,567.0,47.0,306.0,move_right,50.0,75.0,0.0,0.0,0.0,324,59.0,flight-005,/Users/vishwanibhagya/Development/Capturing Video/DJITelloPy/djitellopy/dataset/flight-005/session_2025-09-24_16-59-46.avi,flight-005_00017,1,14382.0,0.15359477073988637,225.0,182.0,0.08980265101338757,4.251530377315725,1.2921746552664501,-1.4565911957340043,-0.025424777568961686,-0.8701594778761813,-1.7934379937279912,-0.7077760731311634,-0.27854300726557785,0.0,0.0,2.423970164046784,1.8617302686056818,2
1758700914.285884,0,0.8011319041252136,533.0,268.0,122.0,200.0,move_forward,60.0,80.0,0.0,0.0,0.0,337,56.0,flight-006,/Users/vishwanibhagya/Development/Capturing Video/DJITelloPy/djitellopy/dataset/flight-006/session_2025-09-24_17-01-46.avi,flight-006_00000,1,24400.0,0.6099999969500001,0.0,0.0,0.08980265101338757,0.47844921698731585,-1.0999709557387296,-0.8914017391715157,-0.7893211557747223,-0.7514402095639713,-0.5516534277825051,0.06154574548966615,-0.27854300726557785,0.0,0.0,0.028784805377079472,-0.0663602130613306,0
1758700916.15954,0,0.8539737462997437,538.0,264.0,137.0,214.0,move_forward,50.0,80.0,0.0,0.0,0.0,339,56.0,flight-006,/Users/vishwanibhagya/Development/Capturing Video/DJITelloPy/djitellopy/dataset/flight-006/session_2025-09-24_17-01-46.avi,flight-006_00001,1,29318.0,0.6401869128963228,5.0,-4.0,0.08980265101338757,0.5253780871406543,-1.131972903712043,-0.7783638478590179,-0.6884291812947161,-0.6931589796219221,-0.46952105031849234,-0.7077760731311634,-0.27854300726557785,0.0,0.0,0.08201114668085069,-0.10873582804302316,0
1758700917.9712582,0,0.8162174820899963,547.0,264.0,148.0,235.0,move_forward,50.0,80.0,0.0,0.0,0.0,340,56.0,flight-006,/Users/vishwanibhagya/Development/Capturing Video/DJITelloPy/djitellopy/dataset/flight-006/session_2025-09-24_17-01-46.avi,flight-006_00002,1,34780.0,0.6297872313626075,9.0,0.0,0.08980265101338757,0.6098500534166634,-1.131972903712043,-0.6954693942298529,-0.537091219574707,-0.6284310255870557,-0.4978164406376441,-0.7077760731311634,-0.27854300726557785,0.0,0.0,0.12459221972386766,-0.0663602130613306,0
1758700919.970848,0,0.8452470898628235,549.0,269.0,163.0,249.0,move_forward,50.0,80.0,0.0,0.0,0.0,342,56.0,flight-006,/Users/vishwanibhagya/Development/Capturing Video/DJITelloPy/djitellopy/dataset/flight-006/session_2025-09-24_17-01-46.avi,flight-006_00003,1,40587.0,0.6546184712665924,2.0,5.0,0.08980265101338757,0.6286216014779988,-1.0919704687454013,-0.5824315029173551,-0.43619924509470087,-0.5596146160153843,-0.4302557540037387,-0.7077760731311634,-0.27854300726557785,0.0,0.0,0.05007534189858796,-0.013390694334214859,0
1758700928.766069,0,0.869189441204071,539.0,294.0,159.0,269.0,move_forward,50.0,79.0,0.0,0.0,0.0,344,56.0,flight-006,/Users/vishwanibhagya/Development/Capturing Video/DJITelloPy/djitellopy/dataset/flight-006/session_2025-09-24_17-01-46.avi,flight-006_00004,1,42771.0,0.5910780647171819,-10.0,25.0,0.08980265101338757,0.534763861171322,-0.8919582939121922,-0.6125749406006878,-0.2920678529804064,-0.5337329148780449,-0.6031361060149467,-0.7077760731311634,-0.27854300726557785,0.0,0.0,-0.07766787723046295,0.19848738057424806,0
1758700931.0621629,0,0.8886875510215759,535.0,315.0,170.0,287.0,move_forward,60.0,78.0,0.0,0.0,0.0,353,54.0,flight-006,/Users/vishwanibhagya/Development/Capturing Video/DJITelloPy/djitellopy/dataset/flight-006/session_2025-09-24_17-01-46.avi,flight-006_00005,1,48790.0,0.5923344927096359,-4.0,21.0,0.08980265101338757,0.4972207650486512,-0.7239480670522966,-0.5296804869715228,-0.1623496000775414,-0.4624041790054962,-0.5997176243682599,0.06154574548966615,-0.27854300726557785,0.0,0.0,-0.013796267665937497,0.1561117655925555,0
1758700933.360945,0,0.8186886310577393,530.0,319.0,177.0,305.0,move_forward,60.0,77.5,0.0,0.0,0.0,355,54.0,flight-006,/Users/vishwanibhagya/Development/Capturing Video/DJITelloPy/djitellopy/dataset/flight-006/session_2025-09-24_17-01-46.avi,flight-006_00006,1,53985.0,0.5803278669497447,-5.0,4.0,0.08980265101338757,0.4502918948953128,-0.6919461190789832,-0.47692947102569055,-0.0326313471746764,-0.4008403340382441,-0.6323851787727586,0.06154574548966615,-0.27854300726557785,0.0,0.0,-0.024441535926691738,-0.023984598079638004,0
1758700935.593086,0,0.8512073755264282,520.0,327.0,175.0,323.0,move_forward,60.0,78.0,0.0,0.0,0.0,358,53.0,flight-006,/Users/vishwanibhagya/Development/Capturing Video/DJITelloPy/djitellopy/dataset/flight-006/session_2025-09-24_17-01-46.avi,flight-006_00007,1,56525.0,0.541795663957289,-10.0,8.0,0.08980265101338757,0.356434154588636,-0.6279422231323563,-0.4920011898673569,0.0970869057281886,-0.37073982081075224,-0.7372233625184506,0.06154574548966615,-0.27854300726557785,0.0,0.0,-0.07766787723046295,0.01839101690205458,0
1758700938.002476,0,0.8672581315040588,508.0,326.0,179.0,345.0,move_forward,50.0,78.0,0.0,0.0,0.0,360,52.0,flight-006,/Users/vishwanibhagya/Development/Capturing Video/DJITelloPy/djitellopy/dataset/flight-006/session_2025-09-24_17-01-46.avi,flight-006_00008,1,61755.0,0.5188405782062592,-12.0,-1.0,0.08980265101338757,0.24380486622062375,-0.6359427101256847,-0.4618577521840242,0.2556314370539125,-0.3087612049919402,-0.7996794203341887,-0.7077760731311634,-0.27854300726557785,0.0,0.0,-0.09895841375197142,-0.07695411680675374,0
1758700940.496901,0,0.9061173796653748,506.0,347.0,194.0,370.0,move_forward,60.0,77.5,0.0,0.0,0.0,362,52.0,flight-006,/Users/vishwanibhagya/Development/Capturing Video/DJITelloPy/djitellopy/dataset/flight-006/session_2025-09-24_17-01-46.avi,flight-006_00009,1,71780.0,0.5243243229072315,-2.0,21.0,0.08980265101338757,0.2250333181592884,-0.4679324832657891,-0.34881986087152644,0.43579567719678053,-0.18995898250941817,-0.7847592810759282,0.06154574548966615,-0.27854300726557785,0.0,0.0,0.007494268855570988,0.1561117655925555,0
1758700942.903203,0,0.8864648342132568,506.0,368.0,227.0,413.0,move_forward,60.0,77.5,0.0,0.0,0.0,365,51.0,flight-006,/Users/vishwanibhagya/Development/Capturing Video/DJITelloPy/djitellopy/dataset/flight-006/session_2025-09-24_17-01-46.avi,flight-006_00010,1,93751.0,0.5496368025432523,0.0,21.0,0.08980265101338757,0.2250333181592884,-0.29992225640589354,-0.10013649998403142,0.7456781702425136,0.07041045690838652,-0.7158892403035434,0.06154574548966615,-0.27854300726557785,0.0,0.0,0.028784805377079472,0.1561117655925555,0
1758700944.790185,0,0.9113706350326538,519.0,343.0,253.0,454.0,move_forward,50.0,77.5,0.0,0.0,0.0,367,51.0,flight-006,/Users/vishwanibhagya/Development/Capturing Video/DJITelloPy/djitellopy/dataset/flight-006/session_2025-09-24_17-01-46.avi,flight-006_00011,1,114862.0,0.5572687212394962,13.0,-25.0,0.08980265101338757,0.3470483805579683,-0.49993443123910253,0.09579584495763134,1.0411475240768173,0.32058838397357586,-0.6951243622931774,-0.7077760731311634,-0.27854300726557785,0.0,0.0,0.16717329276688464,-0.33120780669690925,0
1758700947.196033,0,0.9096621870994568,541.0,405.0,283.0,529.0,move_forward,50.0,77.0,0.0,0.0,0.0,369,50.0,flight-006,/Users/vishwanibhagya/Development/Capturing Video/DJITelloPy/djitellopy/dataset/flight-006/session_2025-09-24_17-01-46.avi,flight-006_00012,1,149707.0,0.5349716436011879,22.0,62.0,0.08980265101338757,0.5535354092326573,-0.003904237652744236,0.32187162758262683,1.5816402445054214,0.7335223931908808,-0.7557901156344699,-0.7077760731311634,-0.27854300726557785,0.0,0.0,0.26298070711367283,0.5904618191549045,0
1758700949.8033931,0,0.9180147647857666,567.0,452.0,312.0,534.0,move_forward,60.0,77.0,0.0,0.0,0.0,372,50.0,flight-006,/Users/vishwanibhagya/Development/Capturing Video/DJITelloPy/djitellopy/dataset/flight-006/session_2025-09-24_17-01-46.avi,flight-006_00013,1,166608.0,0.5842696618272104,26.0,47.0,0.08980265101338757,0.7975655340300172,0.3721186510336887,0.5404115507867892,1.617673092533995,0.9338093121112903,-0.6216603672240265,0.06154574548966615,-0.27854300726557785,0.0,0.0,0.3055617801566898,0.43155326297355723,0
1758700952.100991,0,0.8873893618583679,577.0,445.0,338.0,546.0,move_forward,60.0,78.0,0.0,0.0,0.0,374,49.0,flight-006,/Users/vishwanibhagya/Development/Capturing Video/DJITelloPy/djitellopy/dataset/flight-006/session_2025-09-24_17-01-46.avi,flight-006_00014,1,184548.0,0.6190476179138322,10.0,-7.0,0.08980265101338757,0.891423274336694,0.31611524208039016,0.7363438957284519,1.7041519278025716,1.1464090000251501,-0.5270367156455603,0.06154574548966615,-0.27854300726557785,0.0,0.0,0.1352374879846219,-0.14051753927929259,0
1758700954.6032488,0,0.8964969515800476,612.0,455.0,450.0,526.0,move_right,60.0,77.0,0.0,0.0,0.0,376,49.0,flight-006,/Users/vishwanibhagya/Development/Capturing Video/DJITelloPy/djitellopy/dataset/flight-006/session_2025-09-24_17-01-46.avi,flight-006_00015,1,236700.0,0.8555133063583398,35.0,10.0,0.08980265101338757,1.2199253654100628,0.39612011201367375,1.5803601508617684,1.5600205356882773,1.7644412700409595,0.1163376924969126,0.06154574548966615,-0.27854300726557785,0.0,0.0,0.40136919450347797,0.03957882439290087,2
1758700957.100346,0,0.9462776184082032,484.0,442.0,414.0,551.0,move_forward,60.0,77.0,0.0,0.0,0.0,379,49.0,flight-006,/Users/vishwanibhagya/Development/Capturing Video/DJITelloPy/djitellopy/dataset/flight-006/session_2025-09-24_17-01-46.avi,flight-006_00016,1,228114.0,0.7513611601608691,-128.0,-13.0,0.08980265101338757,0.018546289484599337,0.2921137811004051,1.3090692117117737,1.7401847758311453,1.6626920548554298,-0.1670388339554284,0.06154574548966615,-0.27854300726557785,0.0,0.0,-1.3338095319994636,-0.20408096175183146,0
1758700959.7013671,0,0.9410017132759094,442.0,463.0,437.0,514.0,move_forward,60.0,76.5,0.0,0.0,0.0,381,48.0,flight-006,/Users/vishwanibhagya/Development/Capturing Video/DJITelloPy/djitellopy/dataset/flight-006/session_2025-09-24_17-01-46.avi,flight-006_00017,1,224618.0,0.8501945508751079,-42.0,21.0,0.08980265101338757,-0.3756562198034434,0.4601240079603006,1.482393978390937,1.4735417004197005,1.6212623720824726,0.10186645489965797,0.06154574548966615,-0.27854300726557785,0.0,0.0,-0.4183164615745987,0.1561117655925555,0
1758700961.7050052,0,0.917962372303009,452.0,455.0,499.0,527.0,move_forward,60.0,77.0,0.0,0.0,0.0,384,48.0,flight-006,/Users/vishwanibhagya/Development/Capturing Video/DJITelloPy/djitellopy/dataset/flight-006/session_2025-09-24_17-01-46.avi,flight-006_00018,1,262973.0,0.9468690684120131,10.0,-8.0,0.08980265101338757,-0.28179847949676656,0.39612011201367375,1.9496172624825943,1.567227105293992,2.0757919724133584,0.3648978947331025,0.06154574548966615,-0.27854300726557785,0.0,0.0,0.1352374879846219,-0.15111144302471574,0
1758700966.0227149,0,0.9267446398735046,518.0,420.0,519.0,599.0,move_forward,50.0,76.5,0.0,0.0,0.0,386,47.0,flight-006,/Users/vishwanibhagya/Development/Capturing Video/DJITelloPy/djitellopy/dataset/flight-006/session_2025-09-24_17-01-46.avi,flight-006_00019,1,310881.0,0.8664440720092753,66.0,-35.0,0.08980265101338757,0.3376626065273006,0.11610306724718115,2.100334450899258,2.086100116905452,2.6435303140285873,0.1460780532548544,-0.7077760731311634,-0.27854300726557785,0.0,0.0,0.7313725105868594,-0.43714684415114075,0
1758700968.537576,0,0.9521361589431764,711.0,462.0,496.0,514.0,move_right,60.0,76.5,0.0,0.0,0.0,390,47.0,flight-006,/Users/vishwanibhagya/Development/Capturing Video/DJITelloPy/djitellopy/dataset/flight-006/session_2025-09-24_17-01-46.avi,flight-006_00020,1,254944.0,0.9649805428696877,193.0,42.0,0.08980265101338757,2.1491169944461634,0.4521235209669723,1.9270096842200948,1.4735417004197005,1.9806435390655113,0.4141754843760009,0.06154574548966615,-0.27854300726557785,0.0,0.0,2.0833215797026483,0.37858374424644153,2
1758700971.026624,0,0.9417672157287598,588.0,431.0,460.0,574.0,move_right,60.0,76.0,0.0,0.0,0.0,393,46.0,flight-006,/Users/vishwanibhagya/Development/Capturing Video/DJITelloPy/djitellopy/dataset/flight-006/session_2025-09-24_17-01-46.avi,flight-006_00021,1,264040.0,0.8013937268268402,-123.0,-31.0,0.08980265101338757,0.9946667886740385,0.20410842417379313,1.6557187450701003,1.9059358767625838,2.088436558088057,-0.03091053061334724,0.06154574548966615,-0.27854300726557785,0.0,0.0,-1.2805831906956924,-0.3947712291694481,2
1758701027.038843,0,0.8094595074653625,512.0,264.0,105.0,185.0,move_forward,70.0,81.5,0.0,0.0,0.0,405,43.0,flight-007,/Users/vishwanibhagya/Development/Capturing Video/DJITelloPy/djitellopy/dataset/flight-007/session_2025-09-24_17-03-40.avi,flight-007_00000,1,19425.0,0.5675675644996347,0.0,0.0,0.08980265101338757,0.2813479623432945,-1.131972903712043,-1.0195113493256798,-0.8974196998604431,-0.8103969234642753,-0.6671033321359896,0.8308675641104957,-0.27854300726557785,0.0,0.0,0.028784805377079472,-0.0663602130613306,0
1758701029.005706,0,0.848015546798706,513.0,275.0,111.0,199.0,move_forward,70.0,81.0,0.0,0.0,0.0,408,43.0,flight-007,/Users/vishwanibhagya/Development/Capturing Video/DJITelloPy/djitellopy/dataset/flight-007/session_2025-09-24_17-03-40.avi,flight-007_00001,1,22089.0,0.5577889419206586,1.0,11.0,0.08980265101338757,0.29073373637396216,-1.043967546785431,-0.9742961928006807,-0.7965277253804369,-0.7788269363626854,-0.6937089490251975,0.8308675641104957,-0.27854300726557785,0.0,0.0,0.03943007363783371,0.05017272813832402,0
